Map,Mean square error in data,r2_train,r2_all,cov_train,cov_all
Map 7,5.73341e+00,9.99977e-01,9.98781e-01,1.68310e-03,1.14936e-02
Map 6,5.41070e+00,9.99973e-01,9.99966e-01,1.71737e-03,1.88693e-03
Map 5,5.36583e+00,9.99955e-01,9.99872e-01,2.01698e-03,3.67031e-03
Map 4,5.41465e+00,9.99951e-01,9.99888e-01,2.00046e-03,3.42801e-03
Map 3,5.63100e+00,9.99954e-01,9.99954e-01,1.95949e-03,2.18778e-03
Map 2,6.16762e+00,9.99955e-01,9.99933e-01,1.91168e-03,2.65042e-03
Map 1,6.03191e+00,9.99960e-01,9.99911e-01,1.78083e-03,3.05977e-03
Map 8,7.15329e+00,9.99994e-01,9.48327e-01,2.01542e-03,7.36417e-02
